SG,Location,Proximity,Site,lat,lon,Tide,Time,Seep/Not,Order,Date,Time,DateTime,Tide,Diel,Tide_Diel,Tide_Diel(Seep),avg_speed_m_s,avg_dir,normal_HBACT_cells_cm^-2sec^-1,Include Events/μL(V)-blank,HBacteria Events/μL(V)-blank,PEukaryote Events/μL(V)-blank,Synococcus Events/μL(V)-blank,Prochlorococcus Events/μL(V)-blank,Salinity,Temperature,TA,pH,Phosphate_umolL,Silicate_umolL,NN_umolL,Ammonia_umolL,N/P,NN+Amm,N/P,M_C,HIX,MarineHumic_Like,VisibleHumidic_Like,Tryptophan_Like,Tyrosine_Like,Lignin_Like,sum_Nic_contaminants
C00_H_D_G,Cabral,Seep,C00,-17.516384,-149.912515,H,D,Seep,1,8/9/21,13:00:00,2021-08-09T13:00:00Z,High,Day,High_Day,Seep,0.023106168,110.8089655,0.265109587,757.9666667,612.5666667,2.916666667,9,21.51666667,36.18,27.55,2319.275838,8.032462589,0.15,7.15,0.09,0.06,0.6,0.15,1,0.94103674,0.989583732,0.012330992,0.013103624,0.047397185,0.03975238,0.048720631,0.0004
C00_L_D_E_1,Cabral,Seep,C00,-17.516384,-149.912515,L,D,Seep,2,8/9/21,7:00:00,2021-08-09T07:00:00Z,Low,Day,Low_Day,Seep,0.015934546,95.7922904,0.037277498,541.6333333,59.4,1.766666667,0.716666667,82.76666667,30.06,26.9,2284.325233,7.841755842,1.04,182.72,4.49,0.19,4.317307692,4.68,4.5,0.996724034,1.242134063,0.0196825,0.019747191,0.046505646,0.039776609,0.058596012,0.0032
C00_L_D_E_2,Cabral,Seep,C00,-17.516384,-149.912515,L,D,Seep,3,8/9/21,7:00:00,2021-08-09T07:00:00Z,Low,Day,Low_Day,Seep,0.015934546,95.79229035,,,,,,,9.073,26.9,2118.700716,7.37844384,4.24,778.05,18.24,0.18,4.301886792,18.42,4.344339623,1.417041947,1.730854417,0.056488143,0.039863423,0.086820515,0.189544886,0.056603482,0.0008
C00_L_D_M,Cabral,Seep,C00,-17.516384,-149.912515,L,D,Seep,4,8/10/21,7:00:00,2021-08-10T07:00:00Z,Low,Day,Low_Day,Seep,0.00540548,105.7684099,0.570347129,813.1666667,308.3,3.383333333,4.416666667,63.2,32.75,26.47,2306.726303,7.86919306,1.29,98.03,6.06,0.15,4.697674419,6.21,4.813953488,1.85098884,2.799359557,0.058757869,0.031744043,0.036863618,0.067953889,0.015471036,0.016
C00_L_N_A,Cabral,Seep,C00,-17.516384,-149.912515,L,N,Seep,5,8/8/21,19:00:00,2021-08-08T19:00:00Z,Low,Night,Low_Night,Seep,0.005453624,108.4409614,,,,,,,32.75,27.75,,7.879848303,0.65,96.36,3.72,1.75,5.723076923,5.47,8.415384615,1.118437579,0.774518467,0.038075553,0.03404352,0.159811652,0.113976592,0.215308889,0.0002
C00_M_D_F,Cabral,Seep,C00,-17.516384,-149.912515,M,D,Seep,6,8/9/21,10:00:00,2021-08-09T10:00:00Z,Mid,Day,Mid_Day,Seep,0.017711384,90.4314495,,,,,,,35.71,26.97,2302.3354,7.933890778,0.27,12.49,0.5,0.63,1.851851852,1.13,4.185185185,1.138369854,0.761453144,0.01970637,0.017311044,0.088908658,0.02475958,0.123248187,0
C00_M_N_B,Cabral,Seep,C00,-17.516384,-149.912515,M,N,Seep,7,8/8/21,22:00:00,2021-08-08T22:00:00Z,Mid,Night,Mid_Night,Seep,0.015249823,104.1698495,,,,,,,35.72,27.68,2279.452864,7.903836881,0.21,17.29,0.58,0.04,2.761904762,0.62,2.952380952,1.093314947,1.343595227,0.02313025,0.021156072,0.04224046,0.009745056,0.040935587,0
C00_H_N_C,Cabral,Seep,C00,-17.516384,-149.912515,H,N,Seep,8,8/9/21,1:00:00,2021-08-09T01:00:00Z,High,Night,High_Night,Seep,0.000568898,101.7962197,,,,,,,35.76,27.28,2311.939864,7.946385921,0.26,8.91,0.5,0.44,1.923076923,0.94,3.615384615,0.932930358,0.828228827,0.015941573,0.017087634,0.065364568,0.051513856,0.078877896,0
C00_M_N_D,Cabral,Seep,C00,-17.516384,-149.912515,M,N,Seep,9,8/9/21,4:00:00,2021-08-09T04:00:00Z,Mid,Night,Mid_Night,Seep,0.002404576,-86.88476453,,,,,,,35.12,27.15,2326.731526,7.901856337,0.25,13.38,0.61,0.08,2.44,0.69,2.76,1.052802378,1.352640195,0.016527168,0.015698262,0.024223435,0.004018766,0.036586038,0.0002
C01_H_D,Cabral,Close,C01,-17.517048,-149.912693,H,D,Not,10,8/9/21,13:00:00,2021-08-09T13:00:00Z,High,Day,High_Day,High_Day,0.023106168,110.8089655,0.28592654,767.8,660.6666667,1.916666667,6.583333333,16.55,36.17,27.57,2326.486827,8.03537129,0.21,4.67,0.38,0.16,1.80952381,0.54,2.571428571,1.456839083,1.025186201,0.022270027,0.015286538,0.064168747,0.124826237,0.017423717,0
C01_H_N,Cabral,Close,C01,-17.517048,-149.912693,H,N,Not,11,8/9/21,1:10:00,2021-08-09T01:10:00Z,High,Night,High_Night,High_Night,0.026739793,95.5297509,0.206408978,677.3166667,551.9333333,1.15,1.316666667,9.766666667,36.17,27.2,2362.354403,7.946314095,0.17,6.09,0.08,0.02,0.470588235,0.1,0.588235294,1.171972337,1.431553252,0.019334968,0.016497803,0.023627086,0.028249944,0.044302548,0
C01_L_D,Cabral,Close,C01,-17.517048,-149.912693,L,D,Not,12,8/9/21,7:00:00,2021-08-09T07:00:00Z,Low,Day,Low_Day,Low_Day,0.015934546,95.79229035,0.350098877,640.7,557.8666667,1.266666667,0.483333333,7.133333333,36.13,26.49,2330.112996,7.837551744,0.23,5.65,0.55,0.39,2.391304348,0.94,4.086956522,1.47011862,0.792528039,0.033023741,0.022463317,0.099785977,0.20024139,0.028748755,0
C01_L_N,Cabral,Close,C01,-17.517048,-149.912693,L,N,Not,13,8/9/21,19:00:00,2021-08-09T19:00:00Z,Low,Night,Low_Night,Low_Night,0.024007323,94.12439634,0.246855234,694.7,592.6333333,1.016666667,2.933333333,7.233333333,35.9,27.64,2312.326304,8.011478841,0.13,3.51,0.11,0.02,0.846153846,0.13,1,1.026086997,1.337215409,0.015378818,0.014987831,0.032731806,0.031256388,0.038434489,0.0018
C02_H_D,Cabral,Close,C02,-17.51706904,-149.912949,H,D,Not,14,8/9/21,13:00:00,2021-08-09T13:00:00Z,High,Day,High_Day,High_Day,0.023106168,110.8089655,0.177261471,492.1166667,409.5833333,1.433333333,5.45,12.51666667,36.18,27.57,2294.598471,8.081070623,0.23,4.42,0.42,0.22,1.826086957,0.64,2.782608696,1.698394628,1.130932691,0.025764517,0.015169924,0.06283024,0.122995781,0.028232023,0
C02_H_N,Cabral,Close,C02,-17.51706904,-149.912949,H,N,Not,15,8/9/21,1:10:00,2021-08-09T01:10:00Z,High,Night,High_Night,High_Night,0.026739793,95.5297509,0.138333158,507.4166667,369.9,0.916666667,1.383333333,7.933333333,36.16,27.2,2370.08551,7.965783717,0.23,15.83,0.5,0.03,2.173913043,0.53,2.304347826,1.196536267,1.103149958,0.017386785,0.01453093,0.03174076,0.035519587,0.059916246,0.0014
C02_L_D,Cabral,Close,C02,-17.51706904,-149.912949,L,D,Not,16,8/9/21,7:00:00,2021-08-09T07:00:00Z,Low,Day,Low_Day,Low_Day,0.015934546,95.79229035,0.328656995,614.6166667,523.7,1.316666667,1.166666667,10.63333333,36.1,26.49,2321.697004,7.854174137,0.22,7.49,0.39,0.54,1.772727273,0.93,4.227272727,1.483175568,0.896557277,0.034332257,0.023147803,0.097654205,0.193732522,0.054079325,0
C02_L_N,Cabral,Close,C02,-17.51706904,-149.912949,L,N,Not,17,8/9/21,19:00:00,2021-08-09T19:00:00Z,Low,Night,Low_Night,Low_Night,0.024007323,94.12439634,,,,,,,36.01,27.64,2259.851026,7.995094939,,,,,0,0,#DIV/0!,,,,,,,,0.0086
C03_H_D,Cabral,,C03,-17.51697499,-149.913111,H,D,Not,18,8/9/21,13:00:00,2021-08-09T13:00:00Z,High,Day,High_Day,High_Day,0.023106168,110.8089655,0.076523579,242.3666667,176.8166667,0.783333333,3.45,15.06666667,36.24,27.55,2314.332404,8.062270566,0.21,2.72,0.66,0.19,3.142857143,0.85,4.047619048,2.202718779,1.095745052,0.027980473,0.012702699,0.070294673,0.143140982,0.036892478,0
C03_H_N,Cabral,,C03,-17.51697499,-149.913111,H,N,Not,19,8/9/21,1:10:00,2021-08-09T01:10:00Z,High,Night,High_Night,High_Night,0.026739793,95.5297509,0.104581961,374.9333333,279.65,2.25,2.483333333,12.9,36.17,27.44,2334.438397,7.968860657,0.19,2.92,0.38,0.02,2,0.4,2.105263158,1.16125778,1.257666738,0.01302918,0.011219886,0.020940073,0.022198775,0.032037706,0.0004
C03_L_D,Cabral,,C03,-17.51697499,-149.913111,L,D,Not,20,8/9/21,7:00:00,2021-08-09T07:00:00Z,Low,Day,Low_Day,Low_Day,0.015934546,95.79229035,0.188416622,369.85,300.2333333,1.216666667,1.766666667,7.733333333,36.12,26.69,2335.44423,7.879182495,0.28,5.39,0.69,0.37,2.464285714,1.06,3.785714286,1.482661542,0.719969554,0.031858087,0.021487094,0.113945442,0.224118302,0.062456332,0.0038
C03_L_N,Cabral,,C03,-17.51697499,-149.913111,L,N,Not,21,8/9/21,19:00:00,2021-08-09T19:00:00Z,Low,Night,Low_Night,Low_Night,0.024007323,94.12439634,,,,,,,36.12,27.62,2305.413099,7.987080993,0.19,2.03,0.72,0.02,3.789473684,0.74,3.894736842,0.930198792,0.888879457,0.008541517,0.009182464,0.036764526,0.025659385,0.049941769,0.0004
C04_H_D,Cabral,Close,C04,-17.51679302,-149.912772,H,D,Not,22,8/9/21,13:00:00,2021-08-09T13:00:00Z,High,Day,High_Day,High_Day,0.023106168,110.8089655,0.2666604,730.4833333,616.15,2.45,10.18333333,20.31666667,36.21,28.5,2308.999155,8.033182023,0.2,4.53,0.32,0.22,1.6,0.54,2.7,1.520841131,0.952465267,0.017945096,0.011799455,0.057744048,0.110619065,0.016179014,0
C04_H_N,Cabral,Close,C04,-17.51679302,-149.912772,H,N,Not,23,8/9/21,1:10:00,2021-08-09T01:10:00Z,High,Night,High_Night,High_Night,0.026739793,95.5297509,,,,,,,36.04,28.22,2332.179498,7.971017566,0.2,5.05,0.52,0.03,2.6,0.55,2.75,1.234668861,0.95713001,0.022802199,0.018468271,0.058444268,0.051806659,0.067319708,0
C04_L_D,Cabral,Close,C04,-17.51679302,-149.912772,L,D,Not,24,8/9/21,7:00:00,2021-08-09T07:00:00Z,Low,Day,Low_Day,Low_Day,0.015934546,95.79229035,0.553943196,1002.983333,882.6833333,1.4,1.233333333,11.86666667,36.02,27.27,2290.254944,7.883964086,0.22,8.33,0.25,0.47,1.136363636,0.72,3.272727273,1.413745655,1.004516388,0.034024483,0.024066906,0.092874609,0.187441992,0.039183961,0
C04_L_N,Cabral,Close,C04,-17.51679302,-149.912772,L,N,Not,25,8/9/21,19:00:00,2021-08-09T19:00:00Z,Low,Night,Low_Night,Low_Night,0.024007323,94.12439634,0.150051438,449.6166667,360.2333333,0.533333333,3.5,7.55,36.08,28.54,2288.776312,8.010909463,0.12,2.54,0.06,0.03,0.5,0.09,0.75,2.353177928,0.180047174,0.088405343,0.037568491,0.751205179,0.427884478,0.197283508,0.001
C05_H_D,Cabral,,C05,-17.51659596,-149.912877,H,D,Not,26,8/9/21,13:00:00,2021-08-09T13:00:00Z,High,Day,High_Day,High_Day,0.023106168,110.8089655,0.189163055,536.75,437.0833333,1.666666667,7.183333333,20.18333333,36.34,27.6,2318.556808,8.06178769,0.2,4.61,0.37,0.21,1.85,0.58,2.9,0.973499345,1.634855214,0.02194684,0.022544278,0.046163883,0.069683716,0.021960544,0
C05_H_N,Cabral,,C05,-17.51659596,-149.912877,H,N,Not,27,8/9/21,1:10:00,2021-08-09T01:10:00Z,High,Night,High_Night,High_Night,0.026739793,95.5297509,0.3716309,1153.016667,993.7333333,1.166666667,2.633333333,13.4,36.23,27.36,2338.53947,7.99910913,0.17,4.63,0.12,0.02,0.705882353,0.14,0.823529412,1.279039205,0.957105752,0.014566727,0.011388804,0.03674966,0.025571969,0.030486767,0
C05_L_D,Cabral,,C05,-17.51659596,-149.912877,L,D,Not,28,8/9/21,7:00:00,2021-08-09T07:00:00Z,Low,Day,Low_Day,Low_Day,0.015934546,95.79229035,0.426065899,792.35,678.9166667,1.566666667,2.216666667,18,36.08,26.35,2297.262529,7.937665265,0.23,8.28,0.4,0.42,1.739130435,0.82,3.565217391,1.43857261,0.815550621,0.026262969,0.018256269,0.086367685,0.194657407,0.027954848,0.0002
C05_L_N,Cabral,,C05,-17.51659596,-149.912877,L,N,Not,29,8/9/21,19:00:00,2021-08-09T19:00:00Z,Low,Night,Low_Night,Low_Night,0.024007323,94.12439634,0.321415817,1002.116667,771.6333333,0.616666667,4.616666667,9.266666667,35.81,27.54,2295.946839,8.02606602,0.11,2.86,0.03,0.02,0.272727273,0.05,0.454545455,0.948037008,0.790751202,0.009503218,0.0100241,0.04918584,0.021414578,0.073534649,0
C06_H_D,Cabral,Far,C06,-17.51653796,-149.913134,H,D,Not,30,8/9/21,13:00:00,2021-08-09T13:00:00Z,High,Day,High_Day,High_Day,0.023106168,110.8089655,0.072448188,245.1833333,167.4,0.566666667,1.166666667,25.68333333,36.38,27.36,2354.284492,8.047546081,0.21,1.32,0.5,0.22,2.380952381,0.72,3.428571429,1.454751803,0.893511662,0.010468598,0.00719614,0.037517109,0.068410235,0.035950026,0.0002
C06_H_N,Cabral,Far,C06,-17.51653796,-149.913134,H,N,Not,31,8/9/21,1:10:00,2021-08-09T01:10:00Z,High,Night,High_Night,High_Night,0.026739793,95.5297509,0.234164116,775,626.15,0.516666667,1.983333333,23.55,36.27,27.33,2349.526066,8.032834586,0.14,1.63,0.04,0.02,0.285714286,0.06,0.428571429,1.401753541,0.808702614,0.010023478,0.007150671,0.022613975,0.01691481,0.035939619,0.0006
C06_L_D,Cabral,Far,C06,-17.51653796,-149.913134,L,D,Not,32,8/9/21,7:00:00,2021-08-09T07:00:00Z,Low,Day,Low_Day,Low_Day,0.015934546,95.79229035,0.281547609,595.8833333,448.6333333,2.666666667,10.85,55.8,36.43,27.28,2339.371618,8.011378803,0.21,1.91,0.44,0.26,2.095238095,0.7,3.333333333,2.273282492,0.697907804,0.025040904,0.011015307,0.082779856,0.195653492,0.014007728,0
C06_L_N,Cabral,Far,C06,-17.51653796,-149.913134,L,N,Not,33,8/9/21,19:00:00,2021-08-09T19:00:00Z,Low,Night,Low_Night,Low_Night,0.024007323,94.12439634,0.196821889,573.6333333,472.5166667,0.816666667,2.816666667,14.2,36.17,27.55,2314.273847,8.039278074,0.07,1.3,0.03,0.02,0.428571429,0.05,0.714285714,0.98837268,0.809430844,0.009656569,0.00977017,0.037962313,0.020283288,0.019696672,0
C07_H_D,Cabral,Far,C07,-17.51630402,-149.913229,H,D,Not,34,8/9/21,13:00:00,2021-08-09T13:00:00Z,High,Day,High_Day,High_Day,0.023106168,110.8089655,0.08783369,292.9,202.95,0.383333333,1.566666667,31.56666667,36.27,27.43,2326.879723,8.061058743,0.18,1.53,0.42,0.21,2.333333333,0.63,3.5,1.654983006,1.126514303,0.009722184,0.005874492,0.034037924,0.064843324,0.032693006,0
C07_L_D,Cabral,Far,C07,-17.51630402,-149.913229,L,D,Not,35,8/10/21,7:00:00,2021-08-10T07:00:00Z,Low,Day,Low_Day,Low_Day,0.00540548,105.7684099,0.606082469,453.1166667,327.6166667,2.9,8.5,38.31666667,36.26,27.17,2355.022306,8.000088287,0.22,2.38,0.61,0.29,2.772727273,0.9,4.090909091,1.103503566,0.511789039,0.006585754,0.00596804,0.053476108,0.118541609,0.033356875,0
C08_H_D,Cabral,,C08,-17.51632397,-149.91291,H,D,Not,36,8/9/21,13:00:00,2021-08-09T13:00:00Z,High,Day,High_Day,High_Day,0.023106168,110.8089655,0.172710017,511.7333333,399.0666667,1.933333333,6.433333333,20.06666667,36.18,27.72,2328.092245,8.066411277,0.21,3.79,0.41,0.16,1.952380952,0.57,2.714285714,1.939118781,1.844056959,0.027096722,0.01397373,0.039340918,0.074998247,0.024015363,0
C08_H_N,Cabral,,C08,-17.51632397,-149.91291,H,N,Not,37,8/9/21,1:10:00,2021-08-09T01:10:00Z,High,Night,High_Night,High_Night,0.026739793,95.5297509,0.50109463,1583.066667,1339.916667,0.833333333,2.866666667,12.65,36.17,27.54,2340.849593,7.982536301,0.17,4.38,0.31,0.08,1.823529412,0.39,2.294117647,1.268656147,1.217249387,0.014337828,0.011301587,0.024516544,0.019256152,0.045868808,0.0004
C08_L_D,Cabral,,C08,-17.51632397,-149.91291,L,D,Not,38,8/9/21,7:00:00,2021-08-09T07:00:00Z,Low,Day,Low_Day,Low_Day,0.015934546,95.79229035,0.265084427,507.0333333,422.4,0.966666667,2.05,15.7,36.2,27.25,2335.325393,7.946532624,0.23,6.2,0.44,0.35,1.913043478,0.79,3.434782609,1.645198567,0.829927049,0.028030969,0.017038046,0.082920269,0.193670341,0.030749179,0
C08_L_N,Cabral,,C08,-17.51632397,-149.91291,L,N,Not,39,8/9/21,19:00:00,2021-08-09T19:00:00Z,Low,Night,Low_Night,Low_Night,0.024007323,94.12439634,0.216649173,621.2666667,520.1166667,0.4,3.266666667,10.25,35.98,27.76,2312.706907,8.003461128,0.18,2.75,0.34,0.02,1.888888889,0.36,2,0.842587928,1.182471883,0.008318273,0.009872291,0.022227061,0.015761131,0.033380698,0.0002
C09_H_D,Cabral,Far,C09,-17.51639103,-149.913111,H,D,Not,40,8/9/21,13:00:00,2021-08-09T13:00:00Z,High,Day,High_Day,High_Day,0.023106168,110.8089655,0.088280901,286.6,203.9833333,0.483333333,1.766666667,29.53333333,36.27,27.53,2339.634365,8.067013302,0.2,1.75,0.39,0.22,1.95,0.61,3.05,1.45824982,0.919004007,0.011878156,0.008145488,0.033301691,0.067307165,0.014498599,0.0006
C09_H_N,Cabral,Far,C09,-17.51639103,-149.913111,H,N,Not,41,8/9/21,1:10:00,2021-08-09T01:10:00Z,High,Night,High_Night,High_Night,0.026739793,95.5297509,0.239717637,798.3666667,641,0.95,2.816666667,16.5,36.25,27.41,2342.010526,8.005533999,0.19,3.4,0.32,0.03,1.684210526,0.35,1.842105263,1.22109431,1.353918776,0.012299935,0.010072879,0.018595052,0.016929215,0.031629913,0.0002
C09_L_D,Cabral,Far,C09,-17.51639103,-149.913111,L,D,Not,42,8/9/21,7:00:00,2021-08-09T07:00:00Z,Low,Day,Low_Day,Low_Day,0.015934546,95.79229035,0.200392698,421,319.3166667,1.933333333,5.766666667,30.16666667,36.23,27.18,2346.880489,7.99424145,0.25,5.46,0.7,0.4,2.8,1.1,4.4,1.618308906,0.602669849,0.018935344,0.011700698,0.073781995,0.179940351,0.007259717,0
C09_L_N,Cabral,Far,C09,-17.51639103,-149.913111,L,N,Not,43,8/9/21,19:00:00,2021-08-09T19:00:00Z,Low,Night,Low_Night,Low_Night,0.024007323,94.12439634,0.28107396,775.2166667,674.7833333,0.45,4.133333333,14.63333333,36.25,27.62,2306.082345,8.035174928,0.18,1.84,0.49,0.02,2.722222222,0.51,2.833333333,0.826171439,0.985789484,0.005405297,0.006542585,0.018647795,0.007928592,0.018475552,0.0006
C10_H_D,Cabral,Close,C10,-17.51588602,-149.912912,H,D,Not,44,8/9/21,13:00:00,2021-08-09T13:00:00Z,High,Day,High_Day,High_Day,0.023106168,110.8089655,0.167999875,487.4333333,388.1833333,2.266666667,6.85,17.26666667,36.24,27.79,2316.020239,8.064818327,0.2,3.79,0.38,0.18,1.9,0.56,2.8,1.555222497,1.680526471,0.020625508,0.013262094,0.033714826,0.063496032,0.020083135,0
C10_H_N,Cabral,Close,C10,-17.51588602,-149.912912,H,N,Not,45,8/9/21,1:10:00,2021-08-09T01:10:00Z,High,Night,High_Night,High_Night,0.026739793,95.5297509,0.506105887,1537.2,1353.316667,1.466666667,1.683333333,11.11666667,36.19,27.6,2351.076783,7.964058219,0.23,4.62,0.49,0.31,2.130434783,0.8,3.47826087,1.070411728,1.362377425,0.016048845,0.014993152,0.034012387,0.023170583,0.036872776,0
C10_L_D,Cabral,Close,C10,-17.51588602,-149.912912,L,D,Not,46,8/9/21,7:00:00,2021-08-09T07:00:00Z,Low,Day,Low_Day,Low_Day,0.015934546,95.79229035,0.261549131,498.0833333,416.7666667,1.183333333,1.716666667,11.25,36.21,27.17,2312.219741,7.907887674,0.24,6.79,0.31,0.32,1.291666667,0.63,2.625,1.60475994,0.96137128,0.02840198,0.017698585,0.067687765,0.165110793,0.023742438,0.0016
C10_L_N,Cabral,Close,C10,-17.51588602,-149.912912,L,N,Not,47,8/9/21,19:00:00,2021-08-09T19:00:00Z,Low,Night,Low_Night,Low_Night,0.024007323,94.12439634,0.212067237,583.4333333,509.1166667,1.066666667,3.116666667,6.85,36.04,27.9,2290.405857,8.001579845,0.17,3.33,0.36,0.32,2.117647059,0.68,4,0.831691182,1.484237158,0.010468252,0.012586706,0.028542444,0.013142381,0.027738492,0.0012
C11_H_D,Cabral,,C11,-17.51598098,-149.913194,H,D,Not,48,8/9/21,13:00:00,2021-08-09T13:00:00Z,High,Day,High_Day,High_Day,0.023106168,110.8089655,0.087018612,283.9666667,201.0666667,1.016666667,2.166666667,22.48333333,36.27,27.88,2321.585477,8.052662389,0.2,2.31,0.53,0.18,2.65,0.71,3.55,1.697842188,0.837211443,0.022719977,0.013381678,0.061477571,0.142505934,0.029293717,0
C11_H_N,Cabral,,C11,-17.51598098,-149.913194,H,N,Not,49,8/9/21,1:10:00,2021-08-09T01:10:00Z,High,Night,High_Night,High_Night,0.026739793,95.5297509,0.198331129,697.8833333,530.3333333,1.333333333,3.033333333,17.05,36.25,27.84,2333.809095,7.991040836,0.22,3.24,0.57,0.05,2.590909091,0.62,2.818181818,1.125432568,1.247953063,0.010500572,0.009330254,0.018233763,0.016068014,0.026650974,0
C11_L_D,Cabral,,C11,-17.51598098,-149.913194,L,D,Not,50,8/9/21,7:00:00,2021-08-09T07:00:00Z,Low,Day,Low_Day,Low_Day,0.015934546,95.79229035,0.164161146,355.35,261.5833333,1.7,4.816666667,25.45,36.28,27.62,2326.856393,7.97152008,0.24,3.62,0.7,0.36,2.916666667,1.06,4.416666667,1.681991117,0.752011543,0.019734651,0.01173291,0.065320634,0.17127351,0.024862274,0.0034
C11_L_N,Cabral,,C11,-17.51598098,-149.913194,L,N,Not,51,8/9/21,19:00:00,2021-08-09T19:00:00Z,Low,Night,Low_Night,Low_Night,0.024007323,94.12439634,0.180597673,637.9,433.5666667,2.4,3.85,21.58333333,36.17,28.02,2333.475013,8.017421568,0.17,1.93,0.38,0.02,2.235294118,0.4,2.352941176,0.993002704,0.645069536,0.007032125,0.007081678,0.03455501,0.02039309,0.024241127,0.0008
C12_H_D,Cabral,Far,C12,-17.51595701,-149.913303,H,D,Not,52,8/9/21,13:00:00,2021-08-09T13:00:00Z,High,Day,High_Day,High_Day,0.023106168,110.8089655,0.07963963,261.1833333,184.0166667,0.883333333,1.633333333,22.86666667,36.33,27.47,2352.554931,8.058770494,0.21,1.86,0.62,0.23,2.952380952,0.85,4.047619048,1.540224633,0.84380757,0.01732996,0.01125158,0.052552856,0.12912595,0.017884427,0
C12_H_N,Cabral,Far,C12,-17.51595701,-149.913303,H,N,Not,53,8/9/21,1:10:00,2021-08-09T01:10:00Z,High,Night,High_Night,High_Night,0.026739793,95.5297509,0.157767364,516.0166667,421.8666667,0.866666667,3.15,14.98333333,36.26,27.46,2358.438339,7.9882388,0.21,4.61,0.67,0.14,3.19047619,0.81,3.857142857,1.409364361,1.218172597,0.011314305,0.008027949,0.016072964,0.011095542,0.03616115,0.0004
C12_L_D,Cabral,Far,C12,-17.51595701,-149.913303,L,D,Not,54,8/9/21,7:00:00,2021-08-09T07:00:00Z,Low,Day,Low_Day,Low_Day,0.015934546,95.79229035,0.151588881,321.2333333,241.55,1.266666667,4.4,21.86666667,36.19,27.19,2358.511584,7.988083475,0.25,4.12,1.02,0.28,4.08,1.3,5.2,1.588173171,0.676223287,0.019958018,0.012566651,0.06971785,0.171506461,0.016946101,0
C12_L_N,Cabral,Far,C12,-17.51595701,-149.913303,L,N,Not,55,8/9/21,19:00:00,2021-08-09T19:00:00Z,Low,Night,Low_Night,Low_Night,0.024007323,94.12439634,0.108168384,345.3833333,259.6833333,0.55,1.733333333,8.766666667,,,,,0.15,2.02,0.24,0.02,1.6,0.26,1.733333333,0.891093946,0.802773475,0.006820364,0.007653922,0.03048729,0.027069518,0.044089148,0.001
C13_H_D,Cabral,Close,C13,-17.51557102,-149.913136,H,D,Not,56,8/9/21,13:00:00,2021-08-09T13:00:00Z,High,Day,High_Day,High_Day,0.023106168,110.8089655,0.108044744,315.1333333,249.65,2.2,1.733333333,6.366666667,36.12,27.6,2257.212691,8.069031475,0.23,6.18,0.58,0.3,2.52173913,0.88,3.826086957,1.734690307,1.551069413,0.039242098,0.022621962,0.055773007,0.119786188,0.032873918,0
C13_H_N,Cabral,Close,C13,-17.51557102,-149.913136,H,N,Not,57,8/9/21,1:10:00,2021-08-09T01:10:00Z,High,Night,High_Night,High_Night,0.026739793,95.5297509,0.243762795,736.1833333,651.8166667,0.933333333,2.066666667,5.233333333,36.23,27.37,2332.698308,7.929319206,0.2,4.41,0.44,0.02,2.2,0.46,2.3,1.052219675,1.903463037,0.01542606,0.014660493,0.022115558,0.013730342,0.015698313,0.0002
C13_L_D,Cabral,Close,C13,-17.51557102,-149.913136,L,D,Not,58,8/9/21,7:00:00,2021-08-09T07:00:00Z,Low,Day,Low_Day,Low_Day,0.015934546,95.79229035,0.105222117,256.8,167.6666667,2.833333333,5.35,8.166666667,36.25,26.62,2307.644199,7.860055739,0.29,5.63,0.74,0.48,2.551724138,1.22,4.206896552,1.595865954,1.114587838,0.038767046,0.024292169,0.076080474,0.172078376,0.014662072,0.0048
C13_L_N,Cabral,Close,C13,-17.51557102,-149.913136,L,N,Not,59,8/9/21,19:00:00,2021-08-09T19:00:00Z,Low,Night,Low_Night,Low_Night,0.024007323,94.12439634,0.230172824,661.8333333,552.5833333,0.566666667,1.85,5.3,35.3,27.54,2245.939872,7.961204819,0.22,5.71,0.75,0.02,3.409090909,0.77,3.5,1.033276404,0.961659491,0.020761862,0.020093232,0.078313729,0.040587323,0.043926404,0.0032
C14_H_D,Cabral,,C14,-17.51652597,-149.913031,H,D,Not,60,8/9/21,13:00:00,2021-08-09T13:00:00Z,High,Day,High_Day,High_Day,0.023106168,110.8089655,0.104907053,342.0666667,242.4,0.85,2.6,32.38333333,36.28,27.77,2289.657979,8.059178132,0.2,1.74,0.41,0.27,2.05,0.68,3.4,2.064977023,0.832488568,0.021071067,0.01020402,0.060535303,0.145435648,0.027079214,0.001
C14_L_D,Cabral,,C14,-17.51652597,-149.913031,L,D,Not,61,8/10/21,7:00:00,2021-08-10T07:00:00Z,Low,Day,Low_Day,Low_Day,0.00540548,105.7684099,0.869549667,570.1833333,470.0333333,1.733333333,3.566666667,18.7,36.11,26.76,2306.582317,7.907338429,0.23,2.51,0.58,0.34,2.52173913,0.92,4,1.215230333,0.982462822,0.015300584,0.012590686,0.050940605,0.10231324,0.030992294,0
C15_H_D,Cabral,,C15,-17.51721597,-149.913056,H,D,Not,62,8/9/21,13:00:00,2021-08-09T13:00:00Z,High,Day,High_Day,High_Day,0.023106168,110.8089655,0.069216727,234.5166667,159.9333333,1,1.866666667,20.76666667,36.26,27.45,2307.477973,8.07988188,0.19,2.39,0.55,0.2,2.894736842,0.75,3.947368421,2.08705195,1.081288209,0.019716285,0.009446955,0.038662495,0.119416764,0,0.0002
C15_L_D,Cabral,,C15,-17.51721597,-149.913056,L,D,Not,63,8/10/21,7:00:00,2021-08-10T07:00:00Z,Low,Day,Low_Day,Low_Day,0.00540548,105.7684099,0.44322305,324.65,239.5833333,1.733333333,4.783333333,20.3,36.21,26.78,2292.997625,7.919873491,0.23,2.11,0.68,0.24,2.956521739,0.92,4,1.105388808,0.854682174,0.011246604,0.010174343,0.046316006,0.088854916,0.011361981,0
C16_H_D,Cabral,,C16,-17.51723299,-149.912976,H,D,Not,64,8/9/21,13:00:00,2021-08-09T13:00:00Z,High,Day,High_Day,High_Day,0.023106168,110.8089655,0.111918168,343.9833333,258.6,1.35,3.95,16.06666667,36.19,27.61,2317.184011,8.082047751,0.21,3.37,0.43,0.19,2.047619048,0.62,2.952380952,1.889553822,1.814194983,0.02580305,0.013655631,0.026355581,0.087699877,0.011402757,0.0016
C16_H_N,Cabral,,C16,-17.51723299,-149.912976,H,N,Not,65,8/9/21,1:10:00,2021-08-09T01:10:00Z,High,Night,High_Night,High_Night,0.026739793,95.5297509,0.264069608,833.8,706.1166667,0.8,2.216666667,16.06666667,36.19,27.4,2352.743261,7.961674593,0.18,3.2,0.3,0.02,1.666666667,0.32,1.777777778,1.148007773,1.242483503,0.014364025,0.012512133,0.019960594,0.019362165,0.029078272,0
C16_L_D,Cabral,,C16,-17.51723299,-149.912976,L,D,Not,66,8/9/21,7:00:00,2021-08-09T07:00:00Z,Low,Day,Low_Day,Low_Day,0.015934546,95.79229035,0.368727167,679.2,587.55,1.483333333,1.333333333,10.03333333,35.89,26.73,2316.467349,7.868374823,0.21,8.53,0.32,1.01,1.523809524,1.33,6.333333333,1.609604516,1.195229738,0.040695359,0.025282831,0.079202455,0.182183796,0.045762273,0.0004
C16_L_N,Cabral,,C16,-17.51723299,-149.912976,L,N,Not,67,8/9/21,19:00:00,2021-08-09T19:00:00Z,Low,Night,Low_Night,Low_Night,0.024007323,94.12439634,0.150502689,444.5833333,361.3166667,1.083333333,1.916666667,7.016666667,35.96,27.66,2276.492556,8.0016191,0.18,2.25,0.53,0.07,2.944444444,0.6,3.333333333,1.045468428,0.928925996,0.011849597,0.011334246,0.033080195,0.031377429,0.01760392,0.0036
C17_H_D,Cabral,,C17,-17.51721203,-149.912771,H,D,Not,68,8/9/21,13:00:00,2021-08-09T13:00:00Z,High,Day,High_Day,High_Day,0.023106168,110.8089655,0.188369616,524.4166667,435.25,1.383333333,4.25,11.16666667,36.16,27.62,2305.71045,8.077316534,0.2,5.5,0.42,0.23,2.1,0.65,3.25,1.681510825,1.777235432,0.031167956,0.018535686,0.030720546,0.096272871,0.019760866,0.0026
C17_H_N,Cabral,,C17,-17.51721203,-149.912771,H,N,Not,69,8/9/21,1:10:00,2021-08-09T01:10:00Z,High,Night,High_Night,High_Night,0.026739793,95.5297509,0.162828486,514.7333333,435.4,0.733333333,1.033333333,5.616666667,36.22,27.26,2316.399031,7.987910011,0.21,5.21,0.36,0.07,1.714285714,0.43,2.047619048,1.065980376,1.915385954,0.016384768,0.01537061,0.017415372,0.016955649,0.009523182,0.0002
C17_L_D,Cabral,,C17,-17.51721203,-149.912771,L,D,Not,70,8/9/21,7:00:00,2021-08-09T07:00:00Z,Low,Day,Low_Day,Low_Day,0.015934546,95.79229035,0.449693808,812.9166667,716.5666667,1.1,0.916666667,7.466666667,36,26.57,2347.220464,7.884462456,0.26,8.92,0.35,0.51,1.346153846,0.86,3.307692308,1.583489561,1.091852463,0.041924431,0.026475976,0.07873454,0.199039892,0.037968751,0
C17_L_N,Cabral,,C17,-17.51721203,-149.912771,L,N,Not,71,8/9/21,19:00:00,2021-08-09T19:00:00Z,Low,Night,Low_Night,Low_Night,0.024007323,94.12439634,0.251812055,685.2166667,604.5333333,0.533333333,2.35,5.116666667,36.1,27.73,2263.189772,8.013564247,0.12,4.02,0.09,0.02,0.75,0.11,0.916666667,0.923904387,2.00631955,0.013666841,0.014792484,0.024188565,0.02064685,0.032148964,0.0006
C18_H_D,Cabral,Far,C18,-17.51757103,-149.912982,H,D,Not,72,8/9/21,13:00:00,2021-08-09T13:00:00Z,High,Day,High_Day,High_Day,0.023106168,110.8089655,0.117104374,353.65,270.5833333,1.4,6.866666667,17.71666667,36.36,27.56,2358.186363,8.040245291,0.21,2.53,0.57,0.19,2.714285714,0.76,3.619047619,1.528996937,1.352085124,0.018001377,0.011773324,0.024545572,0.08890736,0.014685447,0.0004
C18_H_N,Cabral,Far,C18,-17.51757103,-149.912982,H,N,Not,73,8/9/21,1:10:00,2021-08-09T01:10:00Z,High,Night,High_Night,High_Night,0.026739793,95.5297509,0.285772594,907.1833333,764.15,0.55,2.633333333,16.8,36.39,27.51,2331.225606,7.982638123,0.2,1.62,0.6,0.08,3,0.68,3.4,1.09694295,1.345504304,0.01023412,0.009329674,0.016327368,0.013629059,0.016043707,0.0006
C18_L_D,Cabral,Far,C18,-17.51757103,-149.912982,L,D,Not,74,8/9/21,7:00:00,2021-08-09T07:00:00Z,Low,Day,Low_Day,Low_Day,0.015934546,95.79229035,0.211354207,452.65,336.7833333,1.733333333,6.583333333,36.51666667,36.26,26.89,2304.675049,8.009122605,0.23,4.33,0.68,0.45,2.956521739,1.13,4.913043478,1.574038574,0.592448194,0.016566588,0.010524893,0.068906169,0.178965759,0.03204646,0.0004
C18_L_N,Cabral,Far,C18,-17.51757103,-149.912982,L,N,Not,75,8/9/21,19:00:00,2021-08-09T19:00:00Z,Low,Night,Low_Night,Low_Night,0.024007323,94.12439634,0.115089883,343.4333333,276.3,0.666666667,1.183333333,7.783333333,35.99,27.7,2311.484276,8.004601707,0.17,1.88,0.43,0.02,2.529411765,0.45,2.647058824,0.963032828,0.925876637,0.007336442,0.007618061,0.018711138,0.02101758,0.01800271,0.01
C19_H_D,Cabral,Far,C19,-17.51770397,-149.912893,H,D,Not,76,8/9/21,13:00:00,2021-08-09T13:00:00Z,High,Day,High_Day,High_Day,0.023106168,110.8089655,0.156487797,466.35,361.5833333,1.966666667,10.03333333,22.66666667,36.36,27.56,2377.895232,8.03867834,0.21,2.5,0.69,0.29,3.285714286,0.98,4.666666667,1.712136285,1.330779083,0.018176046,0.010616004,0.027607974,0.098633627,0.004654522,0.0004
C19_H_N,Cabral,Far,C19,-17.51770397,-149.912893,H,N,Not,77,8/9/21,1:10:00,2021-08-09T01:10:00Z,High,Night,High_Night,High_Night,0.026739793,95.5297509,,,,,,,36.39,27.52,2352.865808,8.020084442,0.21,1.51,0.57,0.12,2.714285714,0.69,3.285714286,1.236032538,1.112293318,0.010686506,0.008645813,0.017222339,0.020750023,0.017605539,0.0012
C19_L_D,Cabral,Far,C19,-17.51770397,-149.912893,L,D,Not,78,8/9/21,7:00:00,2021-08-09T07:00:00Z,Low,Day,Low_Day,Low_Day,0.015934546,95.79229035,0.225139769,472.1166667,358.75,1.766666667,6.216666667,36.61666667,36.22,26.95,2340.570692,7.998064463,0.24,3.88,0.67,0.39,2.791666667,1.06,4.416666667,1.649998514,0.716224662,0.019568759,0.011859865,0.066585525,0.180374027,0.032814558,0
C19_L_N,Cabral,Far,C19,-17.51770397,-149.912893,L,N,Not,79,8/9/21,19:00:00,2021-08-09T19:00:00Z,Low,Night,Low_Night,Low_Night,0.024007323,94.12439634,0.228874609,657.6,549.4666667,0.6,2.516666667,4.383333333,36.13,27.66,2306.758841,7.986842729,0.2,2.63,0.67,0.1,3.35,0.77,3.85,0.963697208,1.348642055,0.011149827,0.011569845,0.019683525,0.016285487,0.03071203,0.0018
C20_H_D,Cabral,Close,C20,-17.51692303,-149.912724,H,D,Not,80,8/9/21,13:00:00,2021-08-09T13:00:00Z,High,Day,High_Day,High_Day,0.023106168,110.8089655,0.30100188,814.5166667,695.5,1.75,7.933333333,18.9,36.17,27.71,2306.803054,8.037103337,0.19,5.39,0.37,0.24,1.947368421,0.61,3.210526316,1.594623748,1.450774189,0.021823499,0.013685673,0.026937769,0.091010511,0.002415642,0
C20_H_N,Cabral,Close,C20,-17.51692303,-149.912724,H,N,Not,81,8/9/21,1:10:00,2021-08-09T01:10:00Z,High,Night,High_Night,High_Night,0.026739793,95.5297509,0.282263467,913.8166667,754.7666667,3.55,2.466666667,14.03333333,36.03,27.4,2358.638678,7.958092697,0.2,5.75,0.37,0.17,1.85,0.54,2.7,0.988432127,13.00549861,0.015147398,0.015324672,0,0,0,0
C20_L_D,Cabral,Close,C20,-17.51692303,-149.912724,L,D,Not,82,8/9/21,7:00:00,2021-08-09T07:00:00Z,Low,Day,Low_Day,Low_Day,0.015934546,95.79229035,0.607202741,1086.483333,967.55,1.816666667,1.283333333,10.95,36.14,26.35,2345.786101,7.884701671,0.2,6.38,0.2,0.45,1,0.65,3.25,1.347312269,0.940508137,0.031464617,0.023353619,0.077769822,0.19452763,0.043275511,0
C20_L_N,Cabral,Close,C20,-17.51692303,-149.912724,L,N,Not,83,8/9/21,19:00:00,2021-08-09T19:00:00Z,Low,Night,Low_Night,Low_Night,0.024007323,94.12439634,0.212525431,619.7666667,510.2166667,1.083333333,3.1,9.6,36.15,27.83,2290.804761,8.018135986,0.22,3.01,0.66,0.09,3,0.75,3.409090909,,,,,,,,0.0018
C00_L_N_I,Cabral,Seep,C00,-17.516384,-149.912515,L,N,Seep,84,8/9/21,19:00:00,2021-08-09T19:00:00Z,Low,Night,Low_Night,Seep,0.024007323,94.12439634,,,,,,,31.23,27.55,2305.105825,7.946689752,0.77,142.12,3.44,0.53,4.467532468,3.97,5.155844156,0.889248162,0.914909295,0.018134688,0.020393281,0.083448085,0.057490341,0.098460646,0.0004
C00_H_D_G,Cabral,Seep,C00,-17.516384,-149.912515,H,D,Seep,85,8/9/21,13:00:00,2021-08-09T13:00:00Z,High,Day,High_Day,Seep,0.023106168,110.8089655,,,,,,,35.45,27.55,2297.607256,8.08202405,0.36,20.18,0.74,0.11,2.055555556,0.85,2.361111111,1.400616126,1.142875615,0.022839175,0.01630652,0.037013188,0.109658024,0.011714673,0
C00_M_D_H,Cabral,Seep,C00,-17.516384,-149.912515,M,D,Seep,86,8/9/21,16:10:00,2021-08-09T16:10:00Z,Mid,Day,Mid_Day,Seep,0.017372035,96.11856176,,,,,,,35.49,27.83,2278.06445,8.051979084,0.22,18.96,0.96,0.02,4.363636364,0.98,4.454545455,1.016868929,0.844586269,0.018167522,0.017866139,0.067002836,0.043303671,0.088987822,0
C00_M_N_J,Cabral,Seep,C00,-17.516384,-149.912515,M,N,Seep,87,8/9/21,22:20:00,2021-08-09T22:20:00Z,Mid,Night,Mid_Night,Seep,0.000375972,-77.68885696,,,,,,,35.54,27.42,2331.098909,7.939132009,0.3,16.73,0.68,0.09,2.266666667,0.77,2.566666667,1.184431568,1.06397904,0.022984832,0.019405792,0.055583815,0.051226283,0.066747499,0
C00_H_N_K,Cabral,Seep,C00,-17.516384,-149.912515,H,N,Seep,88,8/10/21,1:20:00,2021-08-10T01:20:00Z,High,Night,High_Night,Seep,0.003725904,131.6973206,,,,,,,35.71,26.96,2330.321073,7.913869884,0.2,7.14,0.27,0.05,1.35,0.32,1.6,1.231309738,0.961182423,0.023475062,0.019065115,0.060200181,0.03566088,0.100600436,0
C00_M_N_L,Cabral,Seep,C00,-17.516384,-149.912515,M,N,Seep,89,8/10/21,4:20:00,2021-08-10T04:20:00Z,Mid,Night,Mid_Night,Seep,0.013827182,-87.36728055,,,,,,,35.46,26.59,2313.733001,7.868069676,0.17,7.44,0.26,1.48,1.529411765,1.74,10.23529412,1.061942934,1.136567985,0.026768781,0.025207363,0.066334387,0.055316076,0.078394299,0
C_Spring,Cabral,,C_Spring,,,Spring,Spring,Spring,90,8/9/21,13:00:00,2021-08-09T13:00:00Z,High,Day,High_Day,Spring,0.023106168,110.8089655,0.031564443,694.9333333,72.93333333,2.55,0.2,105.1666667,2.819,23.89,1746.199674,6.889202993,4.29,868.38,14.53,0.44,3.386946387,14.97,3.48951049,2.129185893,1.827709795,0.077419166,0.036360924,0.060373121,0.159860407,0.06047257,0.003
V00_H_D_F,Varari,Seep,V00,-17.540302,-149.899331,H,D,Seep,97,8/5/21,11:57:00,2021-08-05T11:57:00Z,High,Day,High_Day,Seep,0.137418581,-61.78477239,0.497891184,8848.016667,6841.95,12.45,27.28333333,537.0333333,36.17,27.84,2361.47628,8.025578193,0.22,5.16,0.4,0.43,1.818181818,0.83,3.772727273,1.112584302,0.705555007,0.014986192,0.013469713,0.083147047,0.057296468,0.123388441,0.0018
V00_M_D_H,Varari,Seep,V00,-17.540302,-149.899331,M,D,Seep,98,8/6/21,8:30:00,2021-08-06T08:30:00Z,Mid,Day,Mid_Day,Seep,0.239987467,-68.21051005,,,,,,,36.01,26.56,2402.134778,7.999342584,0.2,3.66,0.65,0.39,3.25,1.04,5.2,1.715520358,0.602443225,0.022905334,0.013351829,0.058838899,0.218519677,0.040213512,0.0002
V00_L_D_D,Varari,Seep,V00,-17.540302,-149.899331,L,D,Seep,99,8/5/21,6:45:00,2021-08-05T06:45:00Z,Low,Day,Low_Day,Seep,0.079798317,-64.57180909,0.022554778,320.8333333,179.9833333,0.7,0.966666667,42.51666667,33.65,26.1,2570.64039,7.881108297,0.51,79.11,4.33,0.43,8.490196078,4.76,9.333333333,1.122091425,1.089745732,0.01826277,0.016275653,0.037677104,0.044851785,0.046655552,0.0006
V00_L_D_G,Varari,Seep,V00,-17.540302,-149.899331,L,D,Seep,100,8/8/21,7:30:00,2021-08-08T07:30:00Z,Low,Day,Low_Day,Seep,0.083212527,-62.93059676,0.021264827,332.1333333,176.95,0.983333333,1.55,53.86666667,34.06,26.55,2570.178384,7.894334954,0.52,62.53,4.08,0.41,7.846153846,4.49,8.634615385,1.847050053,1.153078248,0.047551595,0.025744617,0.085316275,0.218288265,0.079533536,0.0006
V00_L_N_1,Varari,Seep,V00,-17.540302,-149.899331,L,N,Seep,101,8/6/21,19:00:00,2021-08-06T19:00:00Z,Low,Night,Low_Night,Seep,0.331297559,-62.98634103,0.005862806,568.8333333,194.2333333,1.466666667,2.166666667,87.1,36.07,27.62,2388.442656,7.877820318,0.27,3.97,0.9,0.24,3.333333333,1.14,4.222222222,1.995887904,2.029799863,0.025656848,0.012854854,0.018434385,0.044163766,0.039399165,0.0038
V00_L_N_2,Varari,Seep,V00,-17.540302,-149.899331,L,N,Seep,102,8/8/21,18:30:00,2021-08-08T18:30:00Z,Low,Night,Low_Night,Seep,0.261275331,-63.90199462,0.004604976,239.7,120.3166667,0.5,1.683333333,23.66666667,29.44,27,2833.929859,7.743366251,1.07,164.27,12.7,1.1,11.86915888,13.8,12.89719626,1.627021638,2.302147814,0.053969258,0.033170584,0.065352268,0.111834813,0.05415009,0.0018
V00_L_N_A,Varari,Seep,V00,-17.540302,-149.899331,L,N,Seep,103,8/4/21,18:45:00,2021-08-04T18:45:00Z,Low,Night,Low_Night,Seep,0.083392959,-66.33796055,,,,,,,33.84,26.97,2526.410657,8.003796856,0.43,61.8,4.15,0.58,9.651162791,4.73,11,1.24062286,0.590968416,0.020538271,0.016554806,0.092004154,0.115255157,0.129671081,0
V00_H_N_B,Varari,Seep,V00,-17.540302,-149.899331,H,N,Seep,104,8/4/21,23:51:00,2021-08-04T23:51:00Z,High,Night,High_Night,Seep,0.149244308,-66.08550855,,,,,,,35.86,26.47,2381.156393,8.037785891,0.2,3.03,0.35,0.4,1.75,0.75,3.75,1.232210549,0.636240959,0.016250699,0.013188249,0.071753492,0.042096001,0.087730948,0
V00_M_N_C,Varari,Seep,V00,-17.540302,-149.899331,M,N,Seep,105,8/5/21,2:51:00,2021-08-05T02:51:00Z,Mid,Night,Mid_Night,Seep,0.121526931,-63.27553161,,,,,,,36.05,26.35,2355.901122,7.98761896,0.25,6.11,0.64,0.44,2.56,1.08,4.32,1.179425794,0.611799309,0.014965175,0.012688526,0.042175185,0.073793202,0.050843366,0.0018
V00_M_D_E,Varari,Seep,V00,-17.540302,-149.899331,M,D,Seep,106,8/5/21,8:51:00,2021-08-05T08:51:00Z,Mid,Day,Mid_Day,Seep,0.103913866,-60.83863545,0.023933283,398.7666667,248.7,0.183333333,1.95,15.18333333,34.93,26.08,2458.693077,7.955610232,0.33,41.25,1.99,0.27,6.03030303,2.26,6.848484848,1.119891841,0.98953413,0.013652507,0.012190915,0.033283475,0.019369924,0.041457822,0.0004
V01_H_D,Varari,,V01,-17.53975,-149.90051,H,D,Not,107,8/5/21,11:57:00,2021-08-05T11:57:00Z,High,Day,High_Day,High_Day,0.137418581,-61.78477239,0.016544342,322.5166667,227.35,0.883333333,0.516666667,10.1,36.45,28.02,2309.516077,8.056606279,0.2,1.69,0.5,0.35,2.5,0.85,4.25,1.185099417,0.907290817,0.010681489,0.009013159,0.019077179,0.016755293,0.031499208,0.0014
V01_H_N,Varari,,V01,-17.53975,-149.90051,H,N,Not,108,8/5/21,0:00:00,2021-08-05T00:00:00Z,High,Night,High_Night,High_Night,0.142178118,-60.63709175,0.010343833,213.9833333,147.0666667,1.8,0.883333333,8.9,36.41,27.1,2332.964767,8.029734983,0.21,0.91,0.53,0.32,2.523809524,0.85,4.047619048,1.52837812,0.935062012,0.017017791,0.011134542,0.028069819,0.01878488,0.02184783,0.0002
V01_L_D_2,Varari,,V01,-17.53975,-149.90051,L,D,Not,110,8/8/21,7:30:00,2021-08-08T07:30:00Z,Low,Day,Low_Day,Low_Day,0.083212527,-62.93059676,0.016199484,218.2833333,134.8,0.666666667,0.916666667,34.16666667,36.52,27.26,2377.029989,8.014045686,0.22,2.29,0.68,0.52,3.090909091,1.2,5.454545455,1.589781489,0.637080298,0.023092398,0.014525517,0.09829493,0.208416064,0.052009506,0
V01_L_N,Varari,,V01,-17.53975,-149.90051,L,N,Not,111,8/8/21,18:30:00,2021-08-08T18:30:00Z,Low,Night,Low_Night,Low_Night,0.261275331,-63.90199462,0.00393965,191.4666667,102.9333333,0.883333333,1.55,21.33333333,36.22,28.44,2339.396163,8.065995308,0.23,5.11,0.84,0.42,3.652173913,1.26,5.47826087,2.754412529,2.128530089,0.035972555,0.013059974,0.039321432,0.070947096,0.028518597,0.006
V02_H_D,Varari,Far,V02,-17.53989,-149.90052,H,D,Not,112,8/5/21,11:57:00,2021-08-05T11:57:00Z,High,Day,High_Day,High_Day,0.137418581,-61.78477239,0.010877956,238.85,149.4833333,0.8,0.383333333,12.96666667,36.4,27.92,2353.477084,8.048900913,0.2,1.29,0.57,0.26,2.85,0.83,4.15,1.297024168,1.116117878,0.01196997,0.009228795,0.019125993,0.02426196,0.024518042,0.0032
V02_H_N,Varari,Far,V02,-17.53989,-149.90052,H,N,Not,113,8/5/21,0:00:00,2021-08-05T00:00:00Z,High,Night,High_Night,High_Night,0.142178118,-60.63709175,0.047017315,784.55,668.4833333,1.2,1.083333333,9.916666667,36.4,27.15,2328.302637,8.021272553,0.21,0.92,0.61,0.71,2.904761905,1.32,6.285714286,1.228273596,1.289987532,0.010751201,0.008753099,0.015103301,0.016072899,0.013723082,0.0006
V02_L_D_2,Varari,Far,V02,-17.53989,-149.90052,L,D,Not,115,8/8/21,7:30:00,2021-08-08T07:30:00Z,Low,Day,Low_Day,Low_Day,0.083212527,-62.93059676,0.015155971,202.7166667,126.1166667,0.533333333,0.583333333,32.05,36.34,27.36,2365.03174,8.014614132,0.2,2.06,0.62,2.4,3.1,3.02,15.1,2.175318354,0.815434825,0.028232375,0.012978503,0.080698238,0.186930911,0.026435201,0.0004
V02_L_N,Varari,Far,V02,-17.53989,-149.90052,L,N,Not,116,8/8/21,18:30:00,2021-08-08T18:30:00Z,Low,Night,Low_Night,Low_Night,0.261275331,-63.90199462,0.003015976,151.1833333,78.8,0.966666667,1.166666667,15.56666667,36.09,28.47,2346.594909,8.055554299,0.26,5.76,1.05,0.31,4.038461538,1.36,5.230769231,1.615649189,1.337764548,0.03640255,0.022531222,0.054071251,0.111169588,0.039611635,0.001
V03_H_D,Varari,Far,V03,-17.54013,-149.90056,H,D,Not,117,8/5/21,11:57:00,2021-08-05T11:57:00Z,High,Day,High_Day,High_Day,0.137418581,-61.78477239,0.005707622,131.7333333,78.43333333,0.983333333,0.4,15.48333333,36.41,27.76,2351.907643,8.047115844,0.2,1.56,0.48,0.34,2.4,0.82,4.1,1.389091122,1.162769077,0.01320969,0.009509592,0.024943247,0.048753233,0.027068341,0.0004
V03_H_N,Varari,Far,V03,-17.54013,-149.90056,H,N,Not,118,8/6/21,0:00:00,2021-08-05T00:00:00Z,High,Night,High_Night,High_Night,0.142178118,-60.63709175,0.010158619,302.3166667,144.4333333,2.65,1.416666667,61,36.28,27.19,2352.580407,7.970032212,0.22,1.2,0.37,0.28,1.681818182,0.65,2.954545455,1.625867931,0.981796367,0.011666954,0.007175831,0.0214734,0.05343416,0.009010092,0.0014
V03_L_D_2,Varari,Far,V03,-17.54013,-149.90056,L,D,Not,120,8/8/21,7:30:00,2021-08-08T07:30:00Z,Low,Day,Low_Day,Low_Day,0.083212527,-62.93059676,0.019552345,253.3833333,162.7,0.516666667,1.216666667,43.1,36.52,27.27,2380.835159,8.029251914,0.19,1.26,0.56,0.46,2.947368421,1.02,5.368421053,2.090177389,0.867233513,0.022133335,0.010589214,0.069997599,0.162614428,0.032374726,0.002
V03_L_N,Varari,Far,V03,-17.54013,-149.90056,L,N,Not,121,8/8/21,18:30:00,2021-08-08T18:30:00Z,Low,Night,Low_Night,Low_Night,0.261275331,-63.90199462,0.003632822,175.5666667,94.91666667,1.183333333,1.466666667,22.06666667,36.35,28.31,2345.266347,8.069754053,0.24,3.38,0.82,0.39,3.416666667,1.21,5.041666667,2.637901428,1.221763919,0.034331476,0.013014693,0.053474632,0.094369739,0.029406257,0.0028
V04_H_D,Varari,Far,V04,-17.54025,-149.90045,H,D,Not,122,8/5/21,11:57:00,2021-08-05T11:57:00Z,High,Day,High_Day,High_Day,0.137418581,-61.78477239,0.015565581,308.4166667,213.9,0.35,0.733333333,17.26666667,36.46,27.82,2320.14392,8.045300005,0.21,0.84,0.4,0.32,1.904761905,0.72,3.428571429,1.224375862,0.957502472,0.008112201,0.006625581,0.011803696,0.017178169,0.032217266,0.0004
V04_H_N,Varari,Far,V04,-17.54025,-149.90045,H,N,Not,123,8/5/21,0:00:00,2021-08-05T00:00:00Z,High,Night,High_Night,High_Night,0.142178118,-60.63709175,0.015615389,301.8,222.0166667,0.683333333,1.983333333,18.28333333,36.49,27.1,2331.89014,8.034428334,0.22,0.85,0.42,0.3,1.909090909,0.72,3.272727273,1.409983858,0.919738621,0.010426799,0.007394978,0.01772721,0.016268222,0.03453515,0.0006
V04_L_D_2,Varari,Far,V04,-17.54025,-149.90045,L,D,Not,125,8/8/21,7:30:00,2021-08-08T07:30:00Z,Low,Day,Low_Day,Low_Day,0.083212527,-62.93059676,0.023271736,299.9333333,193.65,0.55,1.15,52.65,36.53,27.39,2362.8142,8.044607239,0.24,1.55,1.06,1.07,4.416666667,2.13,8.875,2.008484641,0.754337072,0.020210937,0.010062779,0.070038984,0.162528997,0.037496624,0
V04_L_N,Varari,Far,V04,-17.54025,-149.90045,L,N,Not,126,8/8/21,18:30:00,2021-08-08T18:30:00Z,Low,Night,Low_Night,Low_Night,0.261275331,-63.90199462,0.004276459,181.7333333,111.7333333,0.883333333,1.316666667,21.7,36.4,28.4,2325.926623,8.070976023,0.24,3.01,0.65,0.5,2.708333333,1.15,4.791666667,1.617243898,1.349167743,0.024082185,0.01489088,0.046861748,0.084944537,0.017607641,0.005
V05_H_D,Varari,Far,V05,-17.54025,-149.90034,H,D,Not,127,8/5/21,11:57:00,2021-08-05T11:57:00Z,High,Day,High_Day,High_Day,0.137418581,-61.78477239,0.017041606,317.15,234.1833333,0.283333333,0.416666667,9.816666667,36.5,27.69,2351.4013,8.054824005,0.2,0.86,0.47,0.24,2.35,0.71,3.55,1.258483424,0.621678871,0.00856146,0.006802997,0.032830997,0.028985754,0.06608151,0.0014
V05_H_N,Varari,Far,V05,-17.54025,-149.90034,H,N,Not,128,8/5/21,0:00:00,2021-08-05T00:00:00Z,High,Night,High_Night,High_Night,0.142178118,-60.63709175,0.036117841,853.75,513.5166667,54.96666667,1.266666667,19.7,36.46,26.97,2321.38849,8.037829583,0.19,0.89,0.48,0.04,2.526315789,0.52,2.736842105,1.494864704,0.44089073,0.011973572,0.008009803,0.03786053,0.028092611,0.042929329,0.0016
V05_L_D_2,Varari,Far,V05,-17.54025,-149.90034,L,D,Not,130,8/8/21,7:30:00,2021-08-08T07:30:00Z,Low,Day,Low_Day,Low_Day,0.083212527,-62.93059676,0.020629907,271.4166667,171.6666667,0.666666667,1.1,36.6,36.39,27.25,2366.352432,8.030468312,0.2,1.05,0.47,0.31,2.35,0.78,3.9,2.371370349,0.553699175,0.028198568,0.011891254,0.120762872,0.265873203,0.049064649,0
V05_L_N,Varari,Far,V05,-17.54025,-149.90034,L,N,Not,131,8/8/21,18:30:00,2021-08-08T18:30:00Z,Low,Night,Low_Night,Low_Night,0.261275331,-63.90199462,0.00368194,162.5,96.2,0.816666667,0.783333333,19.53333333,36.23,28.28,2360.225293,8.061339336,0.25,5.43,1.05,0.46,4.2,1.51,6.04,1.39766217,1.440397641,0.016105247,0.01152299,0.021805307,0.031946161,0.032471409,0.0018
V06_H_D,Varari,,V06,-17.54002,-149.90011,H,D,Not,132,8/5/21,11:57:00,2021-08-05T11:57:00Z,High,Day,High_Day,High_Day,0.137418581,-61.78477239,0.021715889,387.0333333,298.4166667,0.366666667,0.733333333,10.06666667,36.49,27.91,2322.780484,8.059624535,0.21,2.13,0.45,0.4,2.142857143,0.85,4.047619048,1.158443115,0.974673795,0.011309068,0.009762299,0.024520971,0.028481338,0.039907185,0.001
V06_H_N,Varari,,V06,-17.54002,-149.90011,H,N,Not,133,8/5/21,0:00:00,2021-08-05T00:00:00Z,High,Night,High_Night,High_Night,0.142178118,-60.63709175,0.028563936,502.1666667,406.1166667,0.983333333,1.316666667,10.56666667,36.38,27.24,2331.278996,8.028684181,0.18,1.05,0.51,0.12,2.833333333,0.63,3.5,1.373676741,0.987275461,0.013468593,0.009804776,0.021956547,0.016679308,0.035594724,0.0014
V06_L_D_2,Varari,,V06,-17.54002,-149.90011,L,D,Not,135,8/8/21,7:30:00,2021-08-08T07:30:00Z,Low,Day,Low_Day,Low_Day,0.083212527,-62.93059676,0.018200385,241.0833333,151.45,0.5,1.1,32.96666667,36.51,27.31,2365.266839,8.019454654,0.21,2.47,0.57,0.43,2.714285714,1,4.761904762,1.802952156,0.606004684,0.02052147,0.011382149,0.091840431,0.221335883,0.03677976,0.0002
V06_L_N,Varari,,V06,-17.54002,-149.90011,L,N,Not,136,8/8/21,18:30:00,2021-08-08T18:30:00Z,Low,Night,Low_Night,Low_Night,0.261275331,-63.90199462,0.004118261,189.3333333,107.6,0.65,1.366666667,21.38333333,36.31,28.52,2337.707262,8.059426191,0.25,5,0.92,0.37,3.68,1.29,5.16,2.12866465,1.195996653,0.027879767,0.013097303,0.059585795,0.10243097,0.046302986,0.0014
V07_H_D,Varari,Close,V07,-17.54005,-149.89999,H,D,Not,137,8/5/21,11:57:00,2021-08-05T11:57:00Z,High,Day,High_Day,High_Day,0.137418581,-61.78477239,0.009137532,182.4166667,125.5666667,0.25,0.483333333,14.18333333,36.42,27.76,2344.001217,8.046785069,0.21,2.84,0.57,0.36,2.714285714,0.93,4.428571429,1.367860544,1.331952877,0.013709869,0.010022856,0.021462661,0.044869412,0.027912181,0
V07_H_N,Varari,Close,V07,-17.54005,-149.89999,H,N,Not,138,8/6/21,0:00:00,2021-08-05T00:00:00Z,High,Night,High_Night,High_Night,0.142178118,-60.63709175,0.009805775,310.8833333,139.4166667,2.166666667,1.033333333,42.9,36.28,27.22,2365.074818,8.014293905,0.23,1.01,0.54,0.31,2.347826087,0.85,3.695652174,1.552680305,1.019145321,0.014831362,0.009552103,0.024843472,0.051916732,0.034044839,0.0026
V07_L_D_2,Varari,Close,V07,-17.54005,-149.89999,L,D,Not,140,8/8/21,7:30:00,2021-08-08T07:30:00Z,Low,Day,Low_Day,Low_Day,0.083212527,-62.93059676,0.018947468,260.6,157.6666667,0.683333333,1.116666667,39.95,36.48,27.08,2371.959181,8.018125132,0.22,2.47,0.92,0.7,4.181818182,1.62,7.363636364,1.740258828,0.625425117,0.024268715,0.013945463,0.102023191,0.257089965,0.057045333,0.0006
V07_L_N,Varari,Close,V07,-17.54005,-149.89999,L,N,Not,141,8/8/21,18:30:00,2021-08-08T18:30:00Z,Low,Night,Low_Night,Low_Night,0.261275331,-63.90199462,0.004079987,184.25,106.6,0.966666667,1.183333333,20.26666667,36.26,28.34,2337.447513,8.077051981,0.25,4,0.83,0.46,3.32,1.29,5.16,1.811538995,1.190012818,0.022473074,0.012405515,0.051235693,0.103948914,0.039610815,0.0012
V08_H_D,Varari,Close,V08,-17.54015,-149.89990,H,D,Not,142,8/5/21,11:57:00,2021-08-05T11:57:00Z,High,Day,High_Day,High_Day,0.137418581,-61.78477239,0.015993713,303.2833333,219.7833333,0.15,0.483333333,12.48333333,36.45,27.7,2330.074396,8.055301105,0.21,1.56,0.49,0.26,2.333333333,0.75,3.571428571,1.196935539,0.956642163,0.009580852,0.008004485,0.017713338,0.021027037,0.014568106,0.0044
V08_H_N,Varari,Close,V08,-17.54015,-149.89990,H,N,Not,143,8/5/21,0:00:00,2021-08-05T00:00:00Z,High,Night,High_Night,High_Night,0.142178118,-60.63709175,0.050722761,829.5833333,721.1666667,1.283333333,1.05,10.06666667,36.43,27.03,2321.38849,8.050804201,0.19,0.77,0.46,0.2,2.421052632,0.66,3.473684211,1.346476089,0.638370804,0.01353706,0.010053695,0.037892793,0.03264814,0.048315636,0.0004
V08_L_D_2,Varari,Close,V08,-17.54015,-149.89990,L,D,Not,145,8/8/21,7:30:00,2021-08-08T07:30:00Z,Low,Day,Low_Day,Low_Day,0.083212527,-62.93059676,0.018466771,245.4666667,153.6666667,0.55,1.016666667,34.81666667,36.56,27.2,2363.226902,7.966033559,0.19,1.27,0.54,0.54,2.842105263,1.08,5.684210526,2.213546012,0.711166276,0.028271018,0.012771823,0.088466478,0.230293006,0.045692044,0.001
V08_L_N,Varari,Close,V08,-17.54015,-149.89990,L,N,Not,146,8/8/21,18:30:00,2021-08-08T18:30:00Z,Low,Night,Low_Night,Low_Night,0.261275331,-63.90199462,0.004968577,216.6666667,129.8166667,0.75,1.383333333,22.63333333,36.04,28.31,2351.074413,8.054500242,0.26,8.28,1.34,0.42,5.153846154,1.76,6.769230769,1.821153334,1.483817535,0.025616251,0.01406595,0.052907474,0.078594957,0.034501472,0.02
V09_H_D,Varari,Close,V09,-17.54025,-149.89977,H,D,Not,147,8/5/21,11:57:00,2021-08-05T11:57:00Z,High,Day,High_Day,High_Day,0.137418581,-61.78477239,0.008183027,178.2833333,112.45,0.4,0.4,18.45,36.4,27.83,2348.711385,8.042205995,0.22,1.01,0.53,0.21,2.409090909,0.74,3.363636364,NA,NA,NA,NA,NA,NA,NA,0.0004
V09_H_N,Varari,Close,V09,-17.54025,-149.89977,H,N,Not,148,8/5/21,0:00:00,2021-08-05T00:00:00Z,High,Night,High_Night,High_Night,0.142178118,-60.63709175,,,,,,,36.45,27.16,2318.333575,8.045855522,0.22,0.97,0.49,0.18,2.227272727,0.67,3.045454545,1.271206005,1.0095658,0.011560786,0.009094345,0.017050919,0.021583978,0.030448666,0.0006
V09_L_D_2,Varari,Close,V09,-17.54025,-149.89977,L,D,Not,150,8/8/21,7:30:00,2021-08-08T07:30:00Z,Low,Day,Low_Day,Low_Day,0.083212527,-62.93059676,0.018396669,278.6,153.0833333,0.55,0.716666667,34.16666667,36.38,27.34,2372.370084,8.034553287,0.22,1.09,0.55,0.45,2.5,1,4.545454545,2.160899504,0.580085007,0.022209779,0.010278025,0.075029142,0.205488379,0.023875145,0.0006
V09_L_N,Varari,Close,V09,-17.54025,-149.89977,L,N,Not,151,8/8/21,18:30:00,2021-08-08T18:30:00Z,Low,Night,Low_Night,Low_Night,0.261275331,-63.90199462,0.00444614,209.4166667,116.1666667,1.066666667,1.133333333,23.91666667,36.47,28.44,2357.074012,8.069161727,0.24,2.37,0.66,0.36,2.75,1.02,4.25,1.77736362,0.964804811,0.018882694,0.01062399,0.04895334,0.104505399,0.015384526,0.0018
V10_H_D,Varari,,V10,-17.54031,-149.89979,H,D,Not,152,8/5/21,11:57:00,2021-08-05T11:57:00Z,High,Day,High_Day,High_Day,0.137418581,-61.78477239,0.016013118,301.6833333,220.05,0.166666667,0.816666667,14.48333333,36.46,27.61,2344.595953,8.046440529,0.21,1.01,0.46,0.26,2.19047619,0.72,3.428571429,1.404851927,0.956533091,0.009320394,0.006634432,0.016456198,0.024559381,0.034827562,0.0008
V10_H_N,Varari,,V10,-17.54031,-149.89979,H,N,Not,153,8/5/21,0:00:00,2021-08-05T00:00:00Z,High,Night,High_Night,High_Night,0.142178118,-60.63709175,0.026906391,478.6833333,382.55,0.816666667,1.616666667,16.36666667,36.36,26.94,2303.174091,8.042457892,0.22,0.88,0.45,0.3,2.045454545,0.75,3.409090909,1.417113161,0.880459996,0.011381773,0.008031661,0.016985235,0.026951035,0.015420618,0.0014
V10_L_D_2,Varari,,V10,-17.54031,-149.89979,L,D,Not,155,8/8/21,7:30:00,2021-08-08T07:30:00Z,Low,Day,Low_Day,Low_Day,0.083212527,-62.93059676,0.019554347,251.6,162.7166667,0.866666667,0.85,36.66666667,36.28,27.2,2363.270608,8.037550264,0.22,1.56,0.62,0.43,2.818181818,1.05,4.772727273,2.490372694,0.811943713,0.024584742,0.009871913,0.062482747,0.172610166,0.045644016,0
V10_L_N,Varari,,V10,-17.54031,-149.89979,L,N,Not,156,8/8/21,18:30:00,2021-08-08T18:30:00Z,Low,Night,Low_Night,Low_Night,0.261275331,-63.90199462,0.004769553,208.0666667,124.6166667,0.866666667,1.45,23.78333333,36.33,28.21,2320.743508,8.073042455,0.21,3.66,0.65,0.26,3.095238095,0.91,4.333333333,1.346338697,1.639078577,0.0126503,0.009396076,0.017216239,0.037621888,0.029029551,0.0004
V11_H_D,Varari,,V11,-17.54019,-149.90007,H,D,Not,157,8/5/21,11:57:00,2021-08-05T11:57:00Z,High,Day,High_Day,High_Day,0.137418581,-61.78477239,0.021629778,378.7,297.2333333,0.35,1.033333333,11.5,36.43,27.68,2308.380986,8.053644867,0.21,1.13,0.51,0.36,2.428571429,0.87,4.142857143,1.249524726,0.79708875,0.009337141,0.007472554,0.021933344,0.023632386,0.039605683,0.0008
V11_H_N,Varari,,V11,-17.54019,-149.90007,H,N,Not,158,8/5/21,0:00:00,2021-08-05T00:00:00Z,High,Night,High_Night,High_Night,0.142178118,-60.63709175,0.019212989,419.5166667,273.1666667,1.816666667,1.466666667,17.53333333,36.45,26.97,2369.654389,8.039979601,0.21,0.66,0.34,1.02,1.619047619,1.36,6.476190476,1.41454055,0.85612735,0.011716139,0.008282646,0.017209305,0.024493523,0.021257588,0.0004
V11_L_D_2,Varari,,V11,-17.54019,-149.90007,L,D,Not,160,8/8/21,7:30:00,2021-08-08T07:30:00Z,Low,Day,Low_Day,Low_Day,0.083212527,-62.93059676,0.020497715,273.85,170.5666667,0.7,1.016666667,41.25,36.53,27.24,2360.976262,8.030578791,0.2,1.04,0.5,0.42,2.5,0.92,4.6,1.56160307,0.614996815,0.017949841,0.011494496,0.075195109,0.203995812,0.050176744,0.0006
V11_L_N,Varari,,V11,-17.54019,-149.90007,L,N,Not,161,8/8/21,18:30:00,2021-08-08T18:30:00Z,Low,Night,Low_Night,Low_Night,0.261275331,-63.90199462,0.004104227,189.7833333,107.2333333,0.9,2.133333333,21.65,36.12,28.25,2348.0235,8.052529432,0.23,7.61,1.11,0.39,4.826086957,1.5,6.52173913,1.813311761,1.179346188,0.022315176,0.01230631,0.051296246,0.089774296,0.032995772,0.001
V12_H_D,Varari,,V12,-17.54031,-149.90011,H,D,Not,162,8/5/21,11:57:00,2021-08-05T11:57:00Z,High,Day,High_Day,High_Day,0.137418581,-61.78477239,0.030177869,530.35,414.7,0.216666667,0.366666667,21.8,36.44,27.75,2359.450571,8.050178351,0.22,0.88,0.44,0.26,2,0.7,3.181818182,1.276082203,1.010332664,0.007687157,0.00602403,0.016634224,0.018109768,0.029234285,0.0004
V12_H_N,Varari,,V12,-17.54031,-149.90011,H,N,Not,163,8/5/21,0:00:00,2021-08-05T00:00:00Z,High,Night,High_Night,High_Night,0.142178118,-60.63709175,0.028268532,512.4333333,401.9166667,1,1.583333333,14.58333333,36.38,27.02,2347.556318,8.035016387,0.24,0.85,0.5,0.51,2.083333333,1.01,4.208333333,1.220547419,1.051097717,0.009897489,0.008109058,0.01533125,0.018396842,0.016046046,0.0018
V12_L_D_2,Varari,,V12,-17.54031,-149.90011,L,D,Not,165,8/8/21,7:30:00,2021-08-08T07:30:00Z,Low,Day,Low_Day,Low_Day,0.083212527,-62.93059676,0.022144102,283.9166667,184.2666667,0.7,1.233333333,42.03333333,36.28,27.31,2364.360097,8.023393081,0.19,1.61,0.58,0.76,3.052631579,1.34,7.052631579,1.554339948,0.57176654,0.017441521,0.011221175,0.0768341,0.207021455,0.03147445,0.001
V12_L_N,Varari,,V12,-17.54031,-149.90011,L,N,Not,166,8/8/21,18:30:00,2021-08-08T18:30:00Z,Low,Night,Low_Night,Low_Night,0.261275331,-63.90199462,0.003874584,168.35,101.2333333,1.216666667,1.05,18.61666667,36.28,28.35,2343.323603,8.058607821,0.23,4.18,0.75,0.26,3.260869565,1.01,4.391304348,1.856272241,1.227312444,0.019330354,0.010413534,0.038158053,0.077249426,0.038640175,0.0026
V13_H_D,Varari,Far,V13,-17.54075,-149.89913,H,D,Not,167,8/5/21,11:57:00,2021-08-05T11:57:00Z,High,Day,High_Day,High_Day,0.137418581,-61.78477239,0.022399931,395.7333333,307.8166667,0.683333333,0.8,12.1,36.43,27.66,2353.16399,8.056780685,0.22,1.63,0.53,0.35,2.409090909,0.88,4,1.145337574,1.151916363,0.009905373,0.008648431,0.015352756,0.019141076,0.016892954,0.0022
V13_H_N,Varari,Far,V13,-17.54075,-149.89913,H,N,Not,168,8/5/21,0:00:00,2021-08-05T00:00:00Z,High,Night,High_Night,High_Night,0.142178118,-60.63709175,0.012921585,245.85,183.7166667,0.8,1.3,9.45,36.52,27.01,2381.363434,8.049598673,,,,,0,0,#DIV/0!,,,,,,,,0.0006
V13_L_D_2,Varari,Far,V13,-17.54075,-149.89913,L,D,Not,170,8/8/21,18:30:00,2021-08-08T18:30:00Z,Low,Night,Low_Night,Low_Night,0.261275331,-63.90199462,0.005618594,230.2166667,146.8,0.55,0.716666667,35.11666667,36.52,28.36,2332.892346,8.070334184,0.24,1.89,0.59,0.38,2.458333333,0.97,4.041666667,1.984553449,1.61107823,0.022200206,0.011186499,0.039340803,0.056020791,0.034427794,0.0002
V13_L_N,Varari,Far,V13,-17.54075,-149.89913,L,N,Not,171,8/6/21,6:40:00,2021-08-06T06:40:00Z,Low,Day,Low_Day,Low_Day,0.241144689,-63.4545817,0.004117169,190.8666667,99.28333333,1.383333333,1.6,19.95,36.4,27.02,2356.104421,7.99235845,0.2,2.33,0.35,0.2,1.75,0.55,2.75,1.402060522,1.175143245,0.008638926,0.006161592,0.010699065,0,0.02407684,0.0176
V14_H_D,Varari,Close,V14,-17.54040,-149.89940,H,D,Not,172,8/5/21,11:57:00,2021-08-05T11:57:00Z,High,Day,High_Day,High_Day,0.137418581,-61.78477239,0.072651505,1166.316667,998.3666667,0.483333333,0.95,8,36.38,27.64,2335.097209,8.030434594,0.22,3.07,0.47,0.45,2.136363636,0.92,4.181818182,1.26817516,1.362954781,0.010880284,0.008579481,0.017483767,0.020414453,0.028217149,0.0006
V14_H_N,Varari,Close,V14,-17.54040,-149.89940,H,N,Not,173,8/5/21,0:00:00,2021-08-05T00:00:00Z,High,Night,High_Night,High_Night,0.142178118,-60.63709175,0.018935169,356.2166667,269.2166667,1.1,1.283333333,10.61666667,36.29,26.97,2307.005078,8.049602892,0.22,1.45,0.47,0.32,2.136363636,0.79,3.590909091,1.247032385,1.180063499,0.012385933,0.009932327,0.018903598,0.021629762,0.012156475,0.0014
V14_L_D_2,Varari,Close,V14,-17.54040,-149.89940,L,D,Not,175,8/8/21,7:30:00,2021-08-08T07:30:00Z,Low,Day,Low_Day,Low_Day,0.083212527,-62.93059676,0.023273739,316.0083333,193.6666667,0.675,1.25,48.89166667,36.35,27.05,2382.973932,8.023752162,0.22,2.33,0.44,0.34,2,0.78,3.545454545,1.833160885,0.634885885,0.024000458,0.01309239,0.080197719,0.218383297,0.029484757,0.0014
V14_L_N,Varari,Close,V14,-17.54040,-149.89940,L,N,Not,176,8/8/21,18:30:00,2021-08-08T18:30:00Z,Low,Night,Low_Night,Low_Night,0.261275331,-63.90199462,0.004937958,225.2,129.0166667,0.616666667,1.55,31.98333333,36.28,28.32,2316.281087,8.093793105,0.23,3.66,0.6,0.69,2.608695652,1.29,5.608695652,2.630905795,2.207360452,0.034820762,0.013235275,0.037008302,0.059677157,0.045290901,0.006
V15_H_D,Varari,,V15,-17.54014,-149.90018,H,D,Not,177,8/5/21,11:57:00,2021-08-05T11:57:00Z,High,Day,High_Day,High_Day,0.137418581,-61.78477239,0.0537397,876.45,738.4833333,0.3,0.716666667,9.883333333,36.43,27.59,2315.246435,8.061434441,0.22,1.22,0.53,0.4,2.409090909,0.93,4.227272727,1.259699972,1.216317761,0.010613314,0.008425271,0.016015341,0.01689377,0.021501793,0.0016
V15_H_N,Varari,,V15,-17.54014,-149.90018,H,N,Not,178,8/5/21,0:00:00,2021-08-05T00:00:00Z,High,Night,High_Night,High_Night,0.142178118,-60.63709175,0.053370848,906.5166667,758.8166667,0.683333333,1.15,13.71666667,36.44,26.87,2313.624865,7.982301879,0.18,0.65,0.4,0.47,2.222222222,0.87,4.833333333,1.197810136,0.955374895,0.009400002,0.007847656,0.017893266,0.015976805,0,0.0004
V15_L_D_2,Varari,,V15,-17.54014,-149.90018,L,D,Not,180,8/8/21,7:30:00,2021-08-08T07:30:00Z,Low,Day,Low_Day,Low_Day,0.083212527,-62.93059676,0.018456756,238.2333333,153.5833333,0.55,0.816666667,32.53333333,36.45,27.11,2376.479103,8.029064935,0.22,1.18,0.39,0.34,1.772727273,0.73,3.318181818,2.079560419,0.605945325,0.021620408,0.010396624,0.068866392,0.202194234,0.021082981,0.0002
V15_L_N,Varari,,V15,-17.54014,-149.90018,L,N,Not,181,8/8/21,18:30:00,2021-08-08T18:30:00Z,Low,Night,Low_Night,Low_Night,0.261275331,-63.90199462,0.003863102,178.8666667,100.9333333,0.766666667,1.933333333,21.13333333,36.15,28.17,2340.611163,8.062725666,0.28,7.61,1.08,0.26,3.857142857,1.34,4.785714286,2.076372629,1.544297526,0.019104125,0.009200721,0.031616288,0.049575765,0.027178196,0.0048
V16_H_D,Varari,Far,V16,-17.54030,-149.90049,H,D,Not,182,8/5/21,11:57:00,2021-08-05T11:57:00Z,High,Day,High_Day,High_Day,0.137418581,-61.78477239,0.020675273,384.1333333,284.1166667,0.2,0.8,16.8,36.43,27.64,2363.988112,8.051330007,0.21,1.37,0.47,0.3,2.238095238,0.77,3.666666667,1.323041074,0.840076132,0.007631433,0.0057681,0.01450784,0.018363288,0.017124867,0
V16_H_N,Varari,Far,V16,-17.54030,-149.90049,H,N,Not,183,8/5/21,0:00:00,2021-08-05T00:00:00Z,High,Night,High_Night,High_Night,0.142178118,-60.63709175,0.028726877,502.5666667,408.4333333,0.783333333,1.933333333,16.06666667,36.49,26.91,2321.911981,8.032940303,0.19,0.66,0.32,0.86,1.684210526,1.18,6.210526316,1.447438117,0.808535059,0.009795584,0.006767532,0.01595428,0.019412742,0.037096285,0.0006
V16_L_D_2,Varari,Far,V16,-17.54030,-149.90049,L,D,Not,185,8/8/21,7:30:00,2021-08-08T07:30:00Z,Low,Day,Low_Day,Low_Day,0.083212527,-62.93059676,0.0242812,315.8166667,202.05,0.716666667,1.266666667,47.01666667,36.59,27.21,2362.729916,8.047360521,0.21,1,0.32,0.31,1.523809524,0.63,3,2.771005698,0.811665332,0.030256433,0.010918936,0.073149533,0.202283118,0.041785414,0
V16_L_N,Varari,Far,V16,-17.54030,-149.90049,L,N,Not,186,8/8/21,18:30:00,2021-08-08T18:30:00Z,Low,Night,Low_Night,Low_Night,0.261275331,-63.90199462,0.005240959,220.9833333,136.9333333,1.1,1.45,30.78333333,36.4,28.16,2340.260957,8.088844429,0.21,1.25,0.44,0.36,2.095238095,0.8,3.80952381,1.878607236,1.724238393,0.023615941,0.012570984,0.04527247,0.066873275,0.037033074,0.0014
V17_H_D,Varari,Close,V17,-17.54032,-149.89957,H,D,Not,187,8/5/21,11:57:00,2021-08-05T11:57:00Z,High,Day,High_Day,High_Day,0.137418581,-61.78477239,0.050315855,995.95,691.4333333,0.55,2,19.9,36.28,27.61,2361.397676,8.040951722,0.21,2.7,0.5,0.32,2.380952381,0.82,3.904761905,1.188061897,1.14229981,0.011265667,0.00948239,0.017551844,0.025572462,0.027471622,0
V17_H_N,Varari,Close,V17,-17.54032,-149.89957,H,N,Not,188,8/5/21,0:00:00,2021-08-05T00:00:00Z,High,Night,High_Night,High_Night,0.142178118,-60.63709175,0.025940466,467.9666667,368.8166667,0.716666667,1.166666667,7.733333333,36.02,26.98,2314.889032,8.040527559,0.21,1.25,0.51,0.33,2.428571429,0.84,4,1.315364979,0.914628223,0.012763835,0.009703645,0.019711691,0.026145082,0.019068129,0.002
V17_L_D_2,Varari,Close,V17,-17.54032,-149.89957,L,D,Not,190,8/8/21,7:30:00,2021-08-08T07:30:00Z,Low,Day,Low_Day,Low_Day,0.083212527,-62.93059676,0.020095131,276.0833333,167.2166667,0.6,1.183333333,40.4,36.46,27.05,2349.779191,8.016703358,0.22,2.06,0.41,0.24,1.863636364,0.65,2.954545455,2.472934781,0.660344616,0.031598477,0.012777723,0.079111752,0.240831641,0.039809398,0.0002
V17_L_N,Varari,Close,V17,-17.54032,-149.89957,L,N,Not,191,8/8/21,18:30:00,2021-08-08T18:30:00Z,Low,Night,Low_Night,Low_Night,0.261275331,-63.90199462,0.004747865,211.8,124.05,0.833333333,1.266666667,25,37.05,28.31,2355.897908,8.075427354,0.29,7.39,0.99,0.3,3.413793103,1.29,4.448275862,1.896457809,1.715735979,0.024051568,0.012682364,0.03780173,0.062886604,0.03046699,0.0098
V18_H_D,Varari,Close,V18,-17.54020,-149.89991,H,D,Not,192,8/5/21,11:57:00,2021-08-05T11:57:00Z,High,Day,High_Day,High_Day,0.137418581,-61.78477239,0.013658997,264.7166667,187.7,0.25,0.65,10.86666667,36.46,27.66,2382.01882,8.047993694,0.22,1.28,0.51,0.32,2.318181818,0.83,3.772727273,1.135419816,1.150810638,0.008210556,0.007231295,0.015240176,0.021049432,0.035155424,0.0008
V18_H_N,Varari,Close,V18,-17.54020,-149.89991,H,N,Not,193,8/5/21,0:00:00,2021-08-05T00:00:00Z,High,Night,High_Night,High_Night,0.142178118,-60.63709175,0.021790742,422.9333333,309.8166667,0.633333333,1.433333333,16.68333333,36.47,27.01,2320.524277,8.042213026,0.21,0.88,0.47,0.32,2.238095238,0.79,3.761904762,1.517061889,0.814512272,0.013641037,0.008991747,0.019875169,0.021383666,0.021091682,0.0016
V18_L_D_2,Varari,Close,V18,-17.54020,-149.89991,L,D,Not,195,8/8/21,7:30:00,2021-08-08T07:30:00Z,Low,Day,Low_Day,Low_Day,0.083212527,-62.93059676,0.020011009,258.2333333,166.5166667,0.7,1.2,40.56666667,36.57,27.23,2365.935001,8.026429952,0.22,1.33,0.31,0.2,1.409090909,0.51,2.318181818,1.821678089,0.481185134,0.018688717,0.010259067,0.079158781,0.225824577,0.039984258,0
V18_L_N,Varari,Close,V18,-17.54020,-149.89991,L,N,Not,196,8/8/21,18:30:00,2021-08-08T18:30:00Z,Low,Night,Low_Night,Low_Night,0.261275331,-63.90199462,0.004300062,201.7833333,112.35,1.1,1.133333333,26.28333333,36.13,28.3,2358.4544,8.06491388,0.31,7.67,1.09,0.48,3.516129032,1.57,5.064516129,2.231542494,1.466412087,0.027790545,0.012453514,0.042225202,0.082021269,0.034285325,0.0096
V19_H_D,Varari,,V19,-17.54051,-149.89978,H,D,Not,197,8/5/21,11:57:00,2021-08-05T11:57:00Z,High,Day,High_Day,High_Day,0.137418581,-61.78477239,0.037724156,645.3333333,518.4,0.466666667,1.716666667,13.83333333,36.43,27.55,2359.378322,8.050684912,0.22,1.21,0.47,0.34,2.136363636,0.81,3.681818182,1.345040311,0.933006592,0.007657529,0.005693159,0.014386242,0.01558453,0.001731917,0.002
V19_H_N,Varari,,V19,-17.54051,-149.89978,H,N,Not,198,8/5/21,0:00:00,2021-08-05T00:00:00Z,High,Night,High_Night,High_Night,0.142178118,-60.63709175,0.030959992,539.1833333,440.1833333,0.783333333,1.516666667,18.01666667,36.27,26.74,2326.363311,8.047761646,0.2,0.7,0.33,0.44,1.65,0.77,3.85,1.41895702,0.8691698,0.010022835,0.007063523,0.015183383,0.017624914,0.02115109,0.001
V19_L_D_2,Varari,,V19,-17.54051,-149.89978,L,D,Not,200,8/8/21,7:30:00,2021-08-08T07:30:00Z,Low,Day,Low_Day,Low_Day,0.083212527,-62.93059676,0.072172627,763.7666667,600.5666667,1.183333333,2.433333333,48.05,36.63,27.03,2369.352141,8.043691725,0.19,1.29,0.23,0.14,1.210526316,0.37,1.947368421,1.781130751,0.597586142,0.019468076,0.010930178,0.073283634,0.22299129,0.032750595,0
V19_L_N,Varari,,V19,-17.54051,-149.89978,L,N,Not,201,8/8/21,18:30:00,2021-08-08T18:30:00Z,Low,Night,Low_Night,Low_Night,0.261275331,-63.90199462,0.005848237,268.75,152.8,0.966666667,2.266666667,38.95,36.52,27.95,2317.13505,8.09779362,0.22,1.1,0.38,0.15,1.727272727,0.53,2.409090909,2.022733439,1.174045422,0.016943714,0.008376642,0.037981879,0.087997918,0.031175297,0.0082
V20_H_D,Varari,,V20,-17.54045,-149.89951,H,D,Not,202,8/5/21,11:57:00,2021-08-05T11:57:00Z,High,Day,High_Day,High_Day,0.137418581,-61.78477239,0.022002119,377.2,302.35,0.35,0.516666667,9.816666667,36.29,27.69,2345.449179,8.06249234,0.2,1.77,0.46,0.26,2.3,0.72,3.6,1.264505195,1.145796317,0.010889194,0.008611427,0.016409964,0.01870176,0.02493983,0.0038
V20_H_N,Varari,,V20,-17.54045,-149.89951,H,N,Not,203,8/5/21,0:00:00,2021-08-05T00:00:00Z,High,Night,High_Night,High_Night,0.142178118,-60.63709175,0.010061323,233.6833333,143.05,1.516666667,1.1,12.95,36.39,27.01,2322.825798,8.04624749,0.19,0.75,0.38,0.43,2,0.81,4.263157895,1.300730194,1.055198812,0.011787135,0.009061937,0.017133361,0.022222069,0.023419443,0.0018
V20_L_D_2,Varari,,V20,-17.54045,-149.89951,L,D,Not,205,8/8/21,7:30:00,2021-08-08T07:30:00Z,Low,Day,Low_Day,Low_Day,0.083212527,-62.93059676,0.017737714,226.1333333,147.6,0.483333333,0.95,34.8,36.53,27.16,2363.766285,8.021214575,0.19,1.07,0.32,0.23,1.684210526,0.55,2.894736842,2.264358254,0.583608704,0.025299781,0.011173047,0.072470915,0.216782414,0.031003672,0.0006
V20_L_N,Varari,,V20,-17.54045,-149.89951,L,N,Not,206,8/8/21,18:30:00,2021-08-08T18:30:00Z,Low,Night,Low_Night,Low_Night,0.261275331,-63.90199462,0.003355974,169.3833333,87.68333333,0.866666667,1.4,22.3,36.48,28.33,2316.749816,8.076789593,0.27,1.88,0.61,0.22,2.259259259,0.83,3.074074074,1.906718677,1.327944744,0.024221976,0.012703487,0.041743717,0.089989611,0.013251867,0.0058
,,,,,,,,,,,,,,,,,,,,,,,,,,,,,,,,,,,,,,,,,,,
,,,,,,,,,,,,,,,,,,,,,,,,,,,,,,,,,,,,,,,,,,,
,,,,,,,,,,,,,,,,,,,,,,,,,,,,,,,,,,,,,,,,,,,